start_date,type,div,no_of_countries,country,placing,spirit_placing,spirit_score,no_of_spirit_placings,no_of_spirit_scores
1986-08-25,WC,J19,3,gb,3,1,NULL,1,0
1986-08-25,WC,OPN,15,dk,15,1,NULL,1,0
1986-08-25,WC,WMN,14,jp,13,1,NULL,1,0
1988-08-28,WC,OPN,16,au,16,1,NULL,1,0
1989-08-20,EC,OPN,11,fr,10,1,NULL,1,0
1992-08-17,WC,OPN,10,nz,8,1,NULL,1,0
1993-08-30,EC,J19,4,gb,4,1,NULL,1,0
1993-08-30,EC,MAS,4,se,2,1,NULL,1,0
1993-08-30,EC,OPN,10,gb,4,1,NULL,1,0
1993-08-30,EC,WMN,7,dk,7,1,NULL,1,0
1994-08-21,WC,J19,5,gb,4,1,NULL,1,0
1994-08-21,WC,MAS,7,it,5,1,NULL,1,0
1994-08-21,WC,OPN,15,nz,14,1,NULL,1,0
1994-08-21,WC,WMN,13,jp,6,1,NULL,1,0
1995-08-26,EC,J19,7,fi,3,1,NULL,1,0
1995-08-26,EC,MAS,4,de,1,1,NULL,1,0
1995-08-26,EC,OPN,11,se,1,1,NULL,2,0
1995-08-26,EC,OPN,11,fi,2,1,NULL,2,0
1995-08-26,EC,WMN,9,gb,5,1,NULL,1,0
1998-08-16,WC,MIX,4,br,4,1,NULL,1,0
1998-08-16,WC,OPN,11,za,11,1,NULL,1,0
1998-08-16,WC,WMN,8,fi,4,1,NULL,1,0
2001-08-19,WG,MIX,6,se,4,1,NULL,1,0
2003-08-23,EC,J19,6,fi,4,1,NULL,1,0
2003-08-23,EC,MAS,5,gb,1,1,NULL,1,0
2003-08-23,EC,MIX,10,cz,3,1,NULL,1,0
2003-08-23,EC,OPN,11,ie,11,1,NULL,1,0
2003-08-23,EC,WMN,9,fr,8,1,NULL,1,0
2004-08-01,WC,G19,7,gb,7,1,NULL,2,0
2004-08-01,WC,G19,7,au,6,1,NULL,2,0
2004-08-01,WC,J19,9,au,7,1,NULL,1,0
2004-08-01,WC,MAS,9,jp,6,1,NULL,1,0
2004-08-01,WC,MIX,13,au,5,1,NULL,1,0
2004-08-01,WC,OPN,18,ie,14,1,NULL,1,0
2004-08-01,WC,WMN,14,ie,14,1,NULL,1,0
2008-07-03,EC,G17,2,se,1,1,NULL,1,0
2008-07-03,EC,J17,3,at,1,1,NULL,1,0
2008-07-03,IN,J19,3,be,1,1,NULL,1,0
2008-08-02,WC,G19,7,au,2,1,NULL,1,0
2008-08-02,WC,J19,8,au,6,4,NULL,1,0
2009-08-06,EC,J19,14,fi,1,1,NULL,1,0
2010-07-19,WC,G23,8,de,8,1,NULL,1,0
2010-07-19,WC,M23,8,at,6,1,NULL,1,0
2010-07-19,WC,U23,15,ch,7,1,NULL,1,0
2010-08-02,EC,G17,3,de,1,1,NULL,1,0
2010-08-02,WC,G19,14,co,1,1,NULL,1,0
2010-08-02,EC,J17,7,be,4,1,NULL,1,0
2010-08-02,WC,J19,18,il,17,1,NULL,1,0
2011-07-30,EC,MAS,6,ch,6,1,NULL,1,0
2011-07-30,EC,MIX,15,de,5,1,NULL,1,0
2011-07-30,EC,OPN,17,be,16,1,NULL,1,0
2011-07-30,EC,WMN,12,at,10,1,NULL,2,0
2011-07-30,EC,WMN,12,nl,12,1,NULL,2,0
2011-08-08,EC,G17,3,fi,3,1,NULL,1,0
2011-08-08,EC,G19,8,cz,5,1,NULL,1,0
2011-08-08,EC,J17,7,de,1,1,NULL,1,0
2011-08-08,EC,J19,12,be,8,1,NULL,1,0
2011-12-01,AOC,MIX,5,jp,1,1,NULL,1,0
2011-12-01,AOC,OPN,4,jp,1,1,NULL,1,0
2012-07-07,WC,MAS,8,nz,6,1,14.33,8,8
2012-07-07,WC,MAS,8,us,4,2,14.11,8,8
2012-07-07,WC,MAS,8,jp,3,3,13.67,8,8
2012-07-07,WC,MAS,8,de,8,4,13.67,8,8
2012-07-07,WC,MAS,8,fr,7,5,13.56,8,8
2012-07-07,WC,MAS,8,gb,5,6,12.33,8,8
2012-07-07,WC,MAS,8,au,2,7,12.11,8,8
2012-07-07,WC,MAS,8,ca,1,8,8.89,8,8
2012-07-07,WC,MIX,15,za,15,1,14.60,15,15
2012-07-07,WC,MIX,15,de,6,2,14.44,15,15
2012-07-07,WC,MIX,15,cn,12,3,14.00,15,15
2012-07-07,WC,MIX,15,co,10,4,13.40,15,15
2012-07-07,WC,MIX,15,fr,8,5,13.10,15,15
2012-07-07,WC,MIX,15,fi,13,6,12.90,15,15
2012-07-07,WC,MIX,15,hk,11,7,12.70,15,15
2012-07-07,WC,MIX,15,nl,14,8,12.00,15,15
2012-07-07,WC,MIX,15,ph,7,9,11.40,15,15
2012-07-07,WC,MIX,15,au,2,10,11.22,15,15
2012-07-07,WC,MIX,15,ca,1,11,10.78,15,15
2012-07-07,WC,MIX,15,us,4,12,10.30,15,15
2012-07-07,WC,MIX,15,ru,9,13,10.10,15,15
2012-07-07,WC,MIX,15,gb,5,14,8.78,15,15
2012-07-07,WC,MIX,15,jp,3,15,8.00,15,15
2012-07-07,WC,OPN,19,ph,16,1,13.89,19,19
2012-07-07,WC,OPN,19,de,8,2,13.80,19,19
2012-07-07,WC,OPN,19,mx,18,3,13.22,19,19
2012-07-07,WC,OPN,19,us,1,4,13.20,19,19
2012-07-07,WC,OPN,19,fr,11,5,12.78,19,19
2012-07-07,WC,OPN,19,au,7,6,12.78,19,19
2012-07-07,WC,OPN,19,fi,6,7,12.60,19,19
2012-07-07,WC,OPN,19,nl,14,8,12.56,19,19
2012-07-07,WC,OPN,19,jp,5,9,12.40,19,19
2012-07-07,WC,OPN,19,sg,17,10,12.00,19,19
2012-07-07,WC,OPN,19,za,13,11,11.60,19,19
2012-07-07,WC,OPN,19,gb,2,12,11.60,19,19
2012-07-07,WC,OPN,19,se,4,13,11.33,19,19
2012-07-07,WC,OPN,19,nz,9,14,11.20,19,19
2012-07-07,WC,OPN,19,at,12,15,11.11,19,19
2012-07-07,WC,OPN,19,ca,3,16,10.60,19,19
2012-07-07,WC,OPN,19,co,10,17,10.50,19,19
2012-07-07,WC,OPN,19,it,15,18,9.80,19,19
2012-07-07,WC,OPN,19,hk,19,19,9.44,19,19
2012-07-07,WC,WMN,11,ca,3,1,12.92,11,11
2012-07-07,WC,WMN,11,gb,7,2,12.75,11,11
2012-07-07,WC,WMN,11,fi,9,3,12.58,11,11
2012-07-07,WC,WMN,11,de,6,4,12.08,11,11
2012-07-07,WC,WMN,11,jp,1,5,12.08,11,11
2012-07-07,WC,WMN,11,us,2,6,12.00,11,11
2012-07-07,WC,WMN,11,nz,8,7,11.75,11,11
2012-07-07,WC,WMN,11,mx,11,8,11.67,11,11
2012-07-07,WC,WMN,11,sg,10,9,11.67,11,11
2012-07-07,WC,WMN,11,au,5,10,10.42,11,11
2012-07-07,WC,WMN,11,co,4,11,9.67,11,11
2012-07-07,WC,WMS,6,de,6,1,12.43,6,6
2012-07-07,WC,WMS,6,us,1,2,11.43,6,6
2012-07-07,WC,WMS,6,gb,5,3,11.29,6,6
2012-07-07,WC,WMS,6,au,4,4,10.38,6,6
2012-07-07,WC,WMS,6,jp,3,5,9.13,6,6
2012-07-07,WC,WMS,6,ca,2,6,8.14,6,6
2012-08-12,WC,G17,3,at,1,1,NULL,1,0
2012-08-12,WC,G19,15,de,4,1,NULL,1,0
2012-08-12,WC,J17,8,ch,7,1,NULL,1,0
2012-08-12,WC,J19,20,co,2,1,NULL,1,0
2013-07-22,WC,G23,10,at,8,1,12.50,10,10
2013-07-22,WC,G23,10,au,7,2,12.25,10,10
2013-07-22,WC,G23,10,us,1,3,12.14,10,10
2013-07-22,WC,G23,10,mx,9,4,11.79,10,10
2013-07-22,WC,G23,10,gb,6,5,11.50,10,10
2013-07-22,WC,G23,10,nz,10,6,10.60,10,10
2013-07-22,WC,G23,10,jp,2,7,10.50,10,10
2013-07-22,WC,G23,10,ca,3,8,10.17,10,10
2013-07-22,WC,G23,10,de,5,9,9.20,10,10
2013-07-22,WC,G23,10,co,4,10,9.00,10,10
2013-07-22,WC,M23,11,us,1,1,14.43,11,11
2013-07-22,WC,M23,11,de,10,2,13.00,11,11
2013-07-22,WC,M23,11,at,6,2,13.00,11,11
2013-07-22,WC,M23,11,au,8,4,12.40,11,11
2013-07-22,WC,M23,11,gb,7,5,11.75,11,11
2013-07-22,WC,M23,11,jp,3,5,11.75,11,11
2013-07-22,WC,M23,11,ie,5,7,11.17,11,11
2013-07-22,WC,M23,11,tw,11,8,10.33,11,11
2013-07-22,WC,M23,11,ca,2,9,10.00,11,11
2013-07-22,WC,M23,11,co,9,9,10.00,11,11
2013-07-22,WC,M23,11,ve,4,11,9.00,11,11
2013-07-22,WC,U23,15,de,4,1,15.00,15,15
2013-07-22,WC,U23,15,jp,6,2,13.83,15,15
2013-07-22,WC,U23,15,ie,14,3,13.50,15,15
2013-07-22,WC,U23,15,gb,5,4,13.29,15,15
2013-07-22,WC,U23,15,ch,11,5,12.89,15,15
2013-07-22,WC,U23,15,fr,12,6,12.67,15,15
2013-07-22,WC,U23,15,at,7,7,12.00,15,15
2013-07-22,WC,U23,15,mx,15,8,11.67,15,15
2013-07-22,WC,U23,15,ca,2,9,11.60,15,15
2013-07-22,WC,U23,15,nz,10,10,11.00,15,15
2013-07-22,WC,U23,15,co,9,11,10.00,15,15
2013-07-22,WC,U23,15,us,1,11,10.00,15,15
2013-07-22,WC,U23,15,do,13,13,9.83,15,15
2013-07-22,WC,U23,15,it,8,14,8.00,15,15
2013-07-22,WC,U23,15,au,3,14,8.00,15,15
2013-08-05,EC,G17,5,at,2,1,NULL,1,0
2013-08-05,EC,G19,12,at,3,1,NULL,1,0
2013-08-05,EC,J17,8,ie,7,1,NULL,1,0
2013-08-05,EC,J19,16,fr,2,1,NULL,1,0
2014-07-20,OEY,G17,5,at,3,1,10.63,5,5
2014-07-20,OEY,G17,5,nl,1,2,10.25,5,5
2014-07-20,OEY,G17,5,de,4,3,9.88,5,5
2014-07-20,OEY,G17,5,gb,5,4,9.86,5,5
2014-07-20,OEY,G17,5,fr,2,5,9.43,5,5
2014-07-20,WC,G19,19,co,3,1,12.29,19,19
2014-07-20,WC,G19,19,us,1,2,11.78,19,19
2014-07-20,WC,G19,19,nl,17,3,11.75,19,19
2014-07-20,WC,G19,19,ca,2,4,11.56,19,19
2014-07-20,WC,G19,19,nz,16,5,11.50,19,19
2014-07-20,WC,G19,19,il,19,6,11.29,19,19
2014-07-20,WC,G19,19,ch,13,7,11.13,19,19
2014-07-20,WC,G19,19,de,5,8,10.63,19,19
2014-07-20,WC,G19,19,ie,15,9,10.50,19,19
2014-07-20,WC,G19,19,au,14,10,10.38,19,19
2014-07-20,WC,G19,19,pl,18,11,10.33,19,19
2014-07-20,WC,G19,19,gb,12,12,10.29,19,19
2014-07-20,WC,G19,19,it,6,13,10.25,19,19
2014-07-20,WC,G19,19,at,4,14,10.11,19,19
2014-07-20,WC,G19,19,fr,9,15,10.00,19,19
2014-07-20,WC,G19,19,fi,10,16,9.75,19,19
2014-07-20,WC,G19,19,lv,11,17,9.25,19,19
2014-07-20,WC,G19,19,jp,7,18,9.11,19,19
2014-07-20,WC,G19,19,ru,7,19,8.56,19,19
2014-07-20,OEY,J17,10,ie,7,1,13.00,10,10
2014-07-20,OEY,J17,10,co,10,2,11.83,10,10
2014-07-20,OEY,J17,10,at,1,3,11.50,10,10
2014-07-20,OEY,J17,10,nl,9,4,11.33,10,10
2014-07-20,OEY,J17,10,il,8,5,10.83,10,10
2014-07-20,OEY,J17,10,se,6,6,10.50,10,10
2014-07-20,OEY,J17,10,de,3,7,10.29,10,10
2014-07-20,OEY,J17,10,it,5,8,10.00,10,10
2014-07-20,OEY,J17,10,gb,2,9,9.57,10,10
2014-07-20,OEY,J17,10,fr,4,10,9.17,10,10
2014-07-20,WC,J19,24,co,5,1,13.25,24,24
2014-07-20,WC,J19,24,be,21,2,12.43,24,24
2014-07-20,WC,J19,24,us,2,3,12.00,24,24
2014-07-20,WC,J19,24,fr,6,4,11.89,24,24
2014-07-20,WC,J19,24,at,7,4,11.89,24,24
2014-07-20,WC,J19,24,es,23,6,11.86,24,24
2014-07-20,WC,J19,24,nl,19,6,11.86,24,24
2014-07-20,WC,J19,24,nz,17,8,11.14,24,24
2014-07-20,WC,J19,24,fi,17,9,11.00,24,24
2014-07-20,WC,J19,24,ca,1,9,11.00,24,24
2014-07-20,WC,J19,24,jp,9,11,10.71,24,24
2014-07-20,WC,J19,24,se,23,12,10.67,24,24
2014-07-20,WC,J19,24,ie,9,13,10.57,24,24
2014-07-20,WC,J19,24,cz,13,14,10.50,24,24
2014-07-20,WC,J19,24,de,3,15,10.43,24,24
2014-07-20,WC,J19,24,ch,11,16,10.43,24,24
2014-07-20,WC,J19,24,il,7,17,10.38,24,24
2014-07-20,WC,J19,24,au,15,17,10.38,24,24
2014-07-20,WC,J19,24,gb,11,19,10.13,24,24
2014-07-20,WC,J19,24,pl,13,20,9.56,24,24
2014-07-20,WC,J19,24,it,4,20,9.56,24,24
2014-07-20,WC,J19,24,lv,15,22,9.50,24,24
2014-07-20,WC,J19,24,tw,19,23,8.86,24,24
2014-07-20,WC,J19,24,ru,21,24,8.71,24,24
2015-07-12,WC,G23,9,us,2,1,12.00,9,9
2015-07-12,WC,G23,9,nz,9,2,11.22,9,9
2015-07-12,WC,G23,9,gb,8,3,10.22,9,9
2015-07-12,WC,G23,9,au,4,4,10.20,9,9
2015-07-12,WC,G23,9,co,6,5,10.00,9,9
2015-07-12,WC,G23,9,de,5,6,9.80,9,9
2015-07-12,WC,G23,9,se,7,6,9.80,9,9
2015-07-12,WC,G23,9,ca,3,6,9.80,9,9
2015-07-12,WC,G23,9,jp,1,9,9.10,9,9
2015-07-12,WC,M23,12,in,9,1,11.80,12,12
2015-07-12,WC,M23,12,za,6,2,11.60,12,12
2015-07-12,WC,M23,12,us,1,2,11.60,12,12
2015-07-12,WC,M23,12,co,12,4,11.40,12,12
2015-07-12,WC,M23,12,de,4,5,11.00,12,12
2015-07-12,WC,M23,12,gb,5,6,10.80,12,12
2015-07-12,WC,M23,12,au,2,7,10.70,12,12
2015-07-12,WC,M23,12,ph,10,8,10.50,12,12
2015-07-12,WC,M23,12,ie,11,9,10.00,12,12
2015-07-12,WC,M23,12,jp,7,9,10.00,12,12
2015-07-12,WC,M23,12,tw,8,11,9.80,12,12
2015-07-12,WC,M23,12,ca,3,12,9.60,12,12
2015-07-12,WC,U23,20,ph,19,1,13.11,20,20
2015-07-12,WC,U23,20,nl,20,2,13.00,20,20
2015-07-12,WC,U23,20,mx,16,3,12.22,20,20
2015-07-12,WC,U23,20,nz,6,4,12.00,20,20
2015-07-12,WC,U23,20,us,1,5,11.70,20,20
2015-07-12,WC,U23,20,ie,8,6,11.60,20,20
2015-07-12,WC,U23,20,at,5,7,11.30,20,20
2015-07-12,WC,U23,20,dk,14,8,10.89,20,20
2015-07-12,WC,U23,20,co,11,9,10.78,20,20
2015-07-12,WC,U23,20,es,18,10,10.44,20,20
2015-07-12,WC,U23,20,jp,3,11,10.40,20,20
2015-07-12,WC,U23,20,au,9,12,10.33,20,20
2015-07-12,WC,U23,20,gb,4,13,10.30,20,20
2015-07-12,WC,U23,20,be,13,14,10.22,20,20
2015-07-12,WC,U23,20,ca,2,15,10.20,20,20
2015-07-12,WC,U23,20,de,7,16,9.80,20,20
2015-07-12,WC,U23,20,ch,10,17,9.78,20,20
2015-07-12,WC,U23,20,pl,17,17,9.78,20,20
2015-07-12,WC,U23,20,it,12,19,8.89,20,20
2015-07-12,WC,U23,20,se,15,20,8.22,20,20
2015-07-27,EC,MAS,7,it,7,1,NULL,3,0
2015-07-27,EC,MAS,7,fr,5,2,NULL,3,0
2015-07-27,EC,MAS,7,es,6,3,NULL,3,0
2015-07-27,EC,MIX,18,no,17,1,NULL,3,0
2015-07-27,EC,MIX,18,gb,1,2,NULL,3,0
2015-07-27,EC,MIX,18,be,6,3,NULL,3,0
2015-07-27,EC,OPN,17,ie,8,1,NULL,4,0
2015-07-27,EC,OPN,17,fi,11,2,NULL,4,0
2015-07-27,EC,OPN,17,gb,1,3,NULL,4,0
2015-07-27,EC,OPN,17,ru,15,15,NULL,4,0
2015-07-27,EC,WMN,19,nl,11,1,NULL,3,0
2015-07-27,EC,WMN,19,ie,12,2,NULL,3,0
2015-07-27,EC,WMN,19,dk,10,3,NULL,3,0
2015-07-27,EC,WMS,7,gb,3,1,NULL,3,0
2015-07-27,EC,WMS,7,ch,5,2,NULL,3,0
2015-07-27,EC,WMS,7,de,1,3,NULL,3,0
2015-08-02,EC,G17,6,se,6,1,NULL,1,0
2015-08-02,EC,G19,13,sk,12,1,NULL,1,0
2015-08-02,EC,J17,10,at,7,1,NULL,1,0
2015-08-02,EC,J19,16,es,16,1,NULL,1,0
2015-11-27,AOC,MIX,10,nz,10,1,14.50,10,10
2015-11-27,AOC,MIX,10,jp,3,2,13.50,10,10
2015-11-27,AOC,MIX,10,ae,9,3,12.83,10,10
2015-11-27,AOC,MIX,10,hk,5,4,11.83,10,10
2015-11-27,AOC,MIX,10,au,2,5,11.17,10,10
2015-11-27,AOC,MIX,10,cn,7,6,11.00,10,10
2015-11-27,AOC,MIX,10,kr,6,7,10.83,10,10
2015-11-27,AOC,MIX,10,sg,4,8,10.14,10,10
2015-11-27,AOC,MIX,10,ph,1,9,9.29,10,10
2015-11-27,AOC,MIX,10,tw,8,10,8.83,10,10
2015-11-27,AOC,OPN,7,in,7,1,12.43,7,7
2015-11-27,AOC,OPN,7,jp,1,2,11.76,7,7
2015-11-27,AOC,OPN,7,sg,5,3,11.43,7,7
2015-11-27,AOC,OPN,7,au,2,4,11.13,7,7
2015-11-27,AOC,OPN,7,hk,6,5,10.63,7,7
2015-11-27,AOC,OPN,7,ph,3,6,10.38,7,7
2015-11-27,AOC,OPN,7,tw,4,7,10.13,7,7
2015-11-27,AOC,WMN,5,au,4,1,14.00,5,5
2015-11-27,AOC,WMN,5,hk,5,2,10.40,5,5
2015-11-27,AOC,WMN,5,ph,3,3,10.33,5,5
2015-11-27,AOC,WMN,5,sg,2,4,9.34,5,5
2015-11-27,AOC,WMN,5,tw,1,5,8.80,5,5
2016-06-18,WC,MAS,17,nz,15,1,13.60,17,17
2016-06-18,WC,MAS,17,gb,3,2,12.50,17,17
2016-06-18,WC,MAS,17,be,13,3,12.40,17,17
2016-06-18,WC,MAS,17,in,15,4,12.33,17,17
2016-06-18,WC,MAS,17,dk,4,5,12.00,17,17
2016-06-18,WC,MAS,17,fi,11,6,12.00,17,17
2016-06-18,WC,MAS,17,de,9,7,11.67,17,17
2016-06-18,WC,MAS,17,au,7,8,11.57,17,17
2016-06-18,WC,MAS,17,za,11,9,11.50,17,17
2016-06-18,WC,MAS,17,fr,9,10,11.40,17,17
2016-06-18,WC,MAS,17,jp,5,11,11.25,17,17
2016-06-18,WC,MAS,17,us,1,12,11.00,17,17
2016-06-18,WC,MAS,17,ca,2,13,10.88,17,17
2016-06-18,WC,MAS,17,es,13,14,10.83,17,17
2016-06-18,WC,MAS,17,sg,17,15,10.83,17,17
2016-06-18,WC,MAS,17,ph,7,16,10.57,17,17
2016-06-18,WC,MAS,17,ch,5,17,10.38,17,17
2016-06-18,WC,MIX,30,fi,27,1,12.25,30,30
2016-06-18,WC,MIX,30,be,17,2,12.00,30,30
2016-06-18,WC,MIX,30,de,9,3,11.86,30,30
2016-06-18,WC,MIX,30,pl,9,4,11.75,30,30
2016-06-18,WC,MIX,30,no,21,5,11.71,30,30
2016-06-18,WC,MIX,30,pt,13,6,11.71,30,30
2016-06-18,WC,MIX,30,in,26,7,11.57,30,30
2016-06-18,WC,MIX,30,us,1,8,11.50,30,30
2016-06-18,WC,MIX,30,dk,21,9,11.38,30,30
2016-06-18,WC,MIX,30,ae,17,10,11.25,30,30
2016-06-18,WC,MIX,30,ch,21,11,11.14,30,30
2016-06-18,WC,MIX,30,il,25,12,11.13,30,30
2016-06-18,WC,MIX,30,nz,17,13,11.13,30,30
2016-06-18,WC,MIX,30,kr,28,14,11.00,30,30
2016-06-18,WC,MIX,30,ie,9,15,11.00,30,30
2016-06-18,WC,MIX,30,sg,13,16,10.86,30,30
2016-06-18,WC,MIX,30,mx,29,17,10.71,30,30
2016-06-18,WC,MIX,30,au,2,18,10.60,30,30
2016-06-18,WC,MIX,30,at,13,19,10.57,30,30
2016-06-18,WC,MIX,30,hk,21,20,10.50,30,30
2016-06-18,WC,MIX,30,cn,30,21,10.43,30,30
2016-06-18,WC,MIX,30,es,13,22,10.43,30,30
2016-06-18,WC,MIX,30,gb,5,23,10.40,30,30
2016-06-18,WC,MIX,30,fr,4,24,10.30,30,30
2016-06-18,WC,MIX,30,cz,9,25,10.00,30,30
2016-06-18,WC,MIX,30,sk,17,26,10.00,30,30
2016-06-18,WC,MIX,30,ca,3,27,9.89,30,30
2016-06-18,WC,MIX,30,jp,6,28,8.89,30,30
2016-06-18,WC,MIX,30,ph,7,29,8.70,30,30
2016-06-18,WC,MIX,30,co,8,30,7.90,30,30
2016-06-18,WC,OPN,30,nz,9,1,13.43,30,30
2016-06-18,WC,OPN,30,pl,21,2,12.50,30,30
2016-06-18,WC,OPN,30,ie,13,3,12.38,30,30
2016-06-18,WC,OPN,30,za,21,4,12.25,30,30
2016-06-18,WC,OPN,30,nl,21,5,12.00,30,30
2016-06-18,WC,OPN,30,ch,13,6,11.75,30,30
2016-06-18,WC,OPN,30,fi,17,7,11.57,30,30
2016-06-18,WC,OPN,30,ca,4,8,11.56,30,30
2016-06-18,WC,OPN,30,au,3,9,11.50,30,30
2016-06-18,WC,OPN,30,eg,30,10,11.43,30,30
2016-06-18,WC,OPN,30,fr,9,11,11.38,30,30
2016-06-18,WC,OPN,30,gb,5,12,11.30,30,30
2016-06-18,WC,OPN,30,at,9,13,11.13,30,30
2016-06-18,WC,OPN,30,il,25,14,11.00,30,30
2016-06-18,WC,OPN,30,cz,13,15,11.00,30,30
2016-06-18,WC,OPN,30,us,1,16,11.00,30,30
2016-06-18,WC,OPN,30,mx,28,17,10.86,30,30
2016-06-18,WC,OPN,30,se,17,18,10.71,30,30
2016-06-18,WC,OPN,30,lv,17,19,10.57,30,30
2016-06-18,WC,OPN,30,cn,26,20,10.50,30,30
2016-06-18,WC,OPN,30,es,21,21,10.50,30,30
2016-06-18,WC,OPN,30,dk,13,22,10.43,30,30
2016-06-18,WC,OPN,30,sg,17,23,10.43,30,30
2016-06-18,WC,OPN,30,be,7,24,10.40,30,30
2016-06-18,WC,OPN,30,de,8,25,10.40,30,30
2016-06-18,WC,OPN,30,in,27,26,10.14,30,30
2016-06-18,WC,OPN,30,jp,2,27,9.67,30,30
2016-06-18,WC,OPN,30,lt,29,28,9.43,30,30
2016-06-18,WC,OPN,30,it,9,29,9.14,30,30
2016-06-18,WC,OPN,30,co,6,30,8.70,30,30
2016-06-18,WC,WMN,25,in,25,1,12.43,26,26
2016-06-18,WC,WMN,25,nz,9,2,12.13,26,26
2016-06-18,WC,WMN,25,at,9,3,11.57,26,26
2016-06-18,WC,WMN,25,za,25,4,11.25,26,26
2016-06-18,WC,WMN,25,dk,19,5,11.14,26,26
2016-06-18,WC,WMN,25,gb,13,6,11.00,26,26
2016-06-18,WC,WMN,25,au,5,7,11.00,26,26
2016-06-18,WC,WMN,25,ie,21,8,10.88,26,26
2016-06-18,WC,WMN,25,mx,23,9,10.86,26,26
2016-06-18,WC,WMN,25,us,1,10,10.80,26,26
2016-06-18,WC,WMN,25,nl,18,11,10.50,26,26
2016-06-18,WC,WMN,25,de,7,12,10.44,26,26
2016-06-18,WC,WMN,25,se,9,13,10.38,26,26
2016-06-18,WC,WMN,25,be,17,14,10.25,26,26
2016-06-18,WC,WMN,25,fr,13,15,10.25,26,26
2016-06-18,WC,WMN,25,hk,23,16,10.13,26,26
2016-06-18,WC,WMN,25,ca,3,17,10.00,26,26
2016-06-18,WC,WMN,25,jp,4,18,10.00,26,26
2016-06-18,WC,WMN,25,ch,8,19,9.89,26,26
2016-06-18,WC,WMN,25,co,2,20,9.89,26,26
2016-06-18,WC,WMN,25,fi,9,21,9.88,26,26
2016-06-18,WC,WMN,25,ph,19,22,9.71,26,26
2016-06-18,WC,WMN,25,ru,6,23,9.67,26,26
2016-06-18,WC,WMN,25,it,13,24,9.29,26,26
2016-06-18,WC,WMN,25,es,13,25,9.14,26,26
2016-06-18,WC,WMN,25,sg,21,26,8.50,26,26
2016-06-18,WC,WMS,11,de,8,1,11.43,11,11
2016-06-18,WC,WMS,11,nz,5,2,11.29,11,11
2016-06-18,WC,WMS,11,gb,6,3,11.13,11,11
2016-06-18,WC,WMS,11,fr,11,4,11.00,11,11
2016-06-18,WC,WMS,11,cz,10,5,10.71,11,11
2016-06-18,WC,WMS,11,fi,7,6,10.57,11,11
2016-06-18,WC,WMS,11,ca,2,7,10.33,11,11
2016-06-18,WC,WMS,11,jp,4,8,10.25,11,11
2016-06-18,WC,WMS,11,us,1,9,10.25,11,11
2016-06-18,WC,WMS,11,au,3,10,10.00,11,11
2016-06-18,WC,WMS,11,nl,9,11,9.83,11,11
2016-07-19,OEY,G17,8,at,2,1,11.22,8,8
2016-07-19,OEY,G17,8,it,8,2,10.75,8,8
2016-07-19,OEY,G17,8,co,5,2,10.75,8,8
2016-07-19,OEY,G17,8,nl,4,4,10.44,8,8
2016-07-19,OEY,G17,8,gb,7,5,10.38,8,8
2016-07-19,OEY,G17,8,de,1,6,10.22,8,8
2016-07-19,OEY,G17,8,se,6,7,10.13,8,8
2016-07-19,OEY,G17,8,fr,3,8,10.00,8,8
2016-07-19,OEY,J17,11,at,11,1,12.50,11,11
2016-07-19,OEY,J17,11,nl,8,2,12.12,11,11
2016-07-19,OEY,J17,11,ie,10,3,11.50,11,11
2016-07-19,OEY,J17,11,co,2,4,10.89,11,11
2016-07-19,OEY,J17,11,se,7,5,10.88,11,11
2016-07-19,OEY,J17,11,be,4,6,10.56,11,11
2016-07-19,OEY,J17,11,gb,6,7,10.50,11,11
2016-07-19,OEY,J17,11,cz,9,8,10.29,11,11
2016-07-19,OEY,J17,11,fr,1,9,9.89,11,11
2016-07-19,OEY,J17,11,it,5,10,9.13,11,11
2016-07-19,OEY,J17,11,de,3,11,9.00,11,11
2016-07-31,WC,G19,20,ie,20,1,12.11,20,20
2016-07-31,WC,G19,20,si,17,2,11.67,20,20
2016-07-31,WC,G19,20,de,7,3,11.10,20,20
2016-07-31,WC,G19,20,at,14,4,11.00,20,20
2016-07-31,WC,G19,20,us,2,5,10.60,20,20
2016-07-31,WC,G19,20,ch,8,6,10.60,20,20
2016-07-31,WC,G19,20,nz,6,7,10.60,20,20
2016-07-31,WC,G19,20,co,3,8,10.30,20,20
2016-07-31,WC,G19,20,au,13,9,10.30,20,20
2016-07-31,WC,G19,20,sk,15,10,10.30,20,20
2016-07-31,WC,G19,20,fr,5,11,10.20,20,20
2016-07-31,WC,G19,20,fi,18,12,10.11,20,20
2016-07-31,WC,G19,20,it,12,13,10.10,20,20
2016-07-31,WC,G19,20,cz,10,14,10.00,20,20
2016-07-31,WC,G19,20,nl,4,15,9.70,20,20
2016-07-31,WC,G19,20,ca,1,16,9.50,20,20
2016-07-31,WC,G19,20,pl,16,17,9.50,20,20
2016-07-31,WC,G19,20,gb,19,18,9.22,20,20
2016-07-31,WC,G19,20,jp,11,19,9.20,20,20
2016-07-31,WC,G19,20,ru,9,20,8.50,20,20
2016-07-31,WC,J19,29,au,26,1,12.50,29,29
2016-07-31,WC,J19,29,si,22,2,12.38,29,29
2016-07-31,WC,J19,29,us,1,3,11.86,29,29
2016-07-31,WC,J19,29,nz,13,4,11.44,29,29
2016-07-31,WC,J19,29,nl,14,5,11.44,29,29
2016-07-31,WC,J19,29,ie,7,6,11.22,29,29
2016-07-31,WC,J19,29,cz,16,7,11.11,29,29
2016-07-31,WC,J19,29,fi,21,8,11.00,29,29
2016-07-31,WC,J19,29,il,20,9,11.00,29,29
2016-07-31,WC,J19,29,be,9,10,10.89,29,29
2016-07-31,WC,J19,29,es,28,11,10.78,29,29
2016-07-31,WC,J19,29,de,10,12,10.75,29,29
2016-07-31,WC,J19,29,tw,18,13,10.67,29,29
2016-07-31,WC,J19,29,sk,23,14,10.63,29,29
2016-07-31,WC,J19,29,in,17,15,10.50,29,29
2016-07-31,WC,J19,29,at,4,16,10.44,29,29
2016-07-31,WC,J19,29,dk,29,17,10.44,29,29
2016-07-31,WC,J19,29,fr,12,18,10.44,29,29
2016-07-31,WC,J19,29,pl,15,19,10.22,29,29
2016-07-31,WC,J19,29,jp,6,20,10.22,29,29
2016-07-31,WC,J19,29,gb,3,21,9.89,29,29
2016-07-31,WC,J19,29,ru,24,22,9.75,29,29
2016-07-31,WC,J19,29,ca,2,23,9.63,29,29
2016-07-31,WC,J19,29,ch,19,24,9.63,29,29
2016-07-31,WC,J19,29,co,8,25,9.56,29,29
2016-07-31,WC,J19,29,mx,25,26,9.44,29,29
2016-07-31,WC,J19,29,se,11,27,9.33,29,29
2016-07-31,WC,J19,29,it,5,28,9.22,29,29
2016-07-31,WC,J19,29,hu,27,29,8.78,29,29
2017-08-05,EC,G17,6,at,2,1,NULL,6,0
2017-08-05,EC,G17,6,nl,6,2,NULL,6,0
2017-08-05,EC,G17,6,cz,3,3,NULL,6,0
2017-08-05,EC,G17,6,de,1,4,NULL,6,0
2017-08-05,EC,G17,6,it,5,5,NULL,6,0
2017-08-05,EC,G17,6,fr,4,6,NULL,6,0
2017-08-05,EC,G19,15,at,10,1,NULL,15,0
2017-08-05,EC,G19,15,ie,13,2,NULL,15,0
2017-08-05,EC,G19,15,fr,4,3,NULL,15,0
2017-08-05,EC,G19,15,si,9,4,NULL,15,0
2017-08-05,EC,G19,15,se,6,5,NULL,15,0
2017-08-05,EC,G19,15,be,15,6,NULL,15,0
2017-08-05,EC,G19,15,de,8,7,NULL,15,0
2017-08-05,EC,G19,15,ch,7,8,NULL,15,0
2017-08-05,EC,G19,15,nl,1,9,NULL,15,0
2017-08-05,EC,G19,15,fi,11,10,NULL,15,0
2017-08-05,EC,G19,15,it,5,11,NULL,15,0
2017-08-05,EC,G19,15,cz,3,12,NULL,15,0
2017-08-05,EC,G19,15,sk,12,13,NULL,15,0
2017-08-05,EC,G19,15,ru,2,14,NULL,15,0
2017-08-05,EC,G19,15,il,14,15,NULL,15,0
2017-08-05,EC,J17,13,at,7,1,NULL,13,0
2017-08-05,EC,J17,13,ie,8,2,NULL,13,0
2017-08-05,EC,J17,13,gb,5,3,NULL,13,0
2017-08-05,EC,J17,13,fi,13,4,NULL,13,0
2017-08-05,EC,J17,13,ch,10,5,NULL,13,0
2017-08-05,EC,J17,13,nl,12,6,NULL,13,0
2017-08-05,EC,J17,13,be,3,7,NULL,13,0
2017-08-05,EC,J17,13,cz,6,8,NULL,13,0
2017-08-05,EC,J17,13,de,2,9,NULL,13,0
2017-08-05,EC,J17,13,it,4,10,NULL,13,0
2017-08-05,EC,J17,13,il,11,11,NULL,13,0
2017-08-05,EC,J17,13,fr,1,12,NULL,13,0
2017-08-05,EC,J17,13,se,9,13,NULL,13,0
2017-08-05,EC,J19,19,si,14,1,NULL,19,0
2017-08-05,EC,J19,19,at,15,2,NULL,19,0
2017-08-05,EC,J19,19,dk,18,3,NULL,19,0
2017-08-05,EC,J19,19,ch,8,4,NULL,19,0
2017-08-05,EC,J19,19,es,16,5,NULL,19,0
2017-08-05,EC,J19,19,cz,7,6,NULL,19,0
2017-08-05,EC,J19,19,ie,2,7,NULL,19,0
2017-08-05,EC,J19,19,nl,13,8,NULL,19,0
2017-08-05,EC,J19,19,it,1,9,NULL,19,0
2017-08-05,EC,J19,19,de,4,9,NULL,19,0
2017-08-05,EC,J19,19,sk,19,11,NULL,19,0
2017-08-05,EC,J19,19,be,11,12,NULL,19,0
2017-08-05,EC,J19,19,pl,9,12,NULL,19,0
2017-08-05,EC,J19,19,il,10,14,NULL,19,0
2017-08-05,EC,J19,19,fr,3,15,NULL,19,0
2017-08-05,EC,J19,19,lv,6,16,NULL,19,0
2017-08-05,EC,J19,19,fi,17,17,NULL,19,0
2017-08-05,EC,J19,19,gb,12,18,NULL,19,0
2017-08-05,EC,J19,19,se,5,19,NULL,19,0
2018-01-07,WC,G23,11,nz,9,1,11.40,11,11
2018-01-07,WC,G23,11,sg,7,2,11.10,11,11
2018-01-07,WC,G23,11,at,8,3,10.80,11,11
2018-01-07,WC,G23,11,gb,10,3,10.80,11,11
2018-01-07,WC,G23,11,au,3,5,10.58,11,11
2018-01-07,WC,G23,11,ph,11,6,10.30,11,11
2018-01-07,WC,G23,11,co,4,7,9.92,11,11
2018-01-07,WC,G23,11,us,1,8,9.75,11,11
2018-01-07,WC,G23,11,ca,2,8,9.75,11,11
2018-01-07,WC,G23,11,de,6,10,9.20,11,11
2018-01-07,WC,G23,11,jp,5,11,8.80,11,11
2018-01-07,WC,M23,14,nz,9,1,12.33,14,14
2018-01-07,WC,M23,14,dk,10,2,11.56,14,14
2018-01-07,WC,M23,14,us,1,3,11.33,14,14
2018-01-07,WC,M23,14,gb,7,4,10.89,14,14
2018-01-07,WC,M23,14,cn,14,5,10.67,14,14
2018-01-07,WC,M23,14,au,4,6,10.56,14,14
2018-01-07,WC,M23,14,jp,2,7,10.33,14,14
2018-01-07,WC,M23,14,co,8,7,10.33,14,14
2018-01-07,WC,M23,14,de,6,9,10.11,14,14
2018-01-07,WC,M23,14,sg,5,9,10.11,14,14
2018-01-07,WC,M23,14,in,12,11,10.00,14,14
2018-01-07,WC,M23,14,hk,13,12,9.89,14,14
2018-01-07,WC,M23,14,ca,3,13,9.67,14,14
2018-01-07,WC,M23,14,my,11,14,9.56,14,14
2018-01-07,WC,U23,16,nz,13,1,13.00,15,15
2018-01-07,WC,U23,16,cn,16,2,11.56,15,15
2018-01-07,WC,U23,16,ie,10,3,11.50,15,15
2018-01-07,WC,U23,16,tw,15,4,11.33,15,15
2018-01-07,WC,U23,16,ph,12,5,11.20,15,15
2018-01-07,WC,U23,16,co,9,6,11.10,15,15
2018-01-07,WC,U23,16,au,3,7,10.89,15,15
2018-01-07,WC,U23,16,us,1,8,10.44,15,15
2018-01-07,WC,U23,16,ca,5,9,10.30,15,15
2018-01-07,WC,U23,16,gb,7,9,10.30,15,15
2018-01-07,WC,U23,16,sg,14,9,10.30,15,15
2018-01-07,WC,U23,16,ch,8,12,10.00,15,15
2018-01-07,WC,U23,16,de,4,13,9.78,15,15
2018-01-07,WC,U23,16,it,2,14,9.20,15,15
2018-01-07,WC,U23,16,jp,6,15,9.00,15,15
2018-08-18,WC,G19,13,nz,8,1,11.67,13,13
2018-08-18,WC,G19,13,de,4,2,11.20,13,13
2018-08-18,WC,G19,13,au,7,3,11.00,13,13
2018-08-18,WC,G19,13,it,10,4,10.67,13,13
2018-08-18,WC,G19,13,co,2,5,10.60,13,13
2018-08-18,WC,G19,13,cn,13,6,10.44,13,13
2018-08-18,WC,G19,13,us,1,7,10.27,13,13
2018-08-18,WC,G19,13,mx,12,8,10.22,13,13
2018-08-18,WC,G19,13,jp,6,9,10.00,13,13
2018-08-18,WC,G19,13,ca,3,10,9.80,13,13
2018-08-18,WC,G19,13,nl,5,11,9.80,13,13
2018-08-18,WC,G19,13,gb,11,12,9.67,13,13
2018-08-18,WC,G19,13,fr,9,13,9.11,13,13
2018-08-18,WC,J19,18,nz,5,1,12.64,18,18
2018-08-18,WC,J19,18,jp,12,2,12.50,18,18
2018-08-18,WC,J19,18,mx,15,3,12.10,18,18
2018-08-18,WC,J19,18,co,11,4,11.90,18,18
2018-08-18,WC,J19,18,au,9,5,11.40,18,18
2018-08-18,WC,J19,18,ca,2,6,11.09,18,18
2018-08-18,WC,J19,18,cn,18,7,11.00,18,18
2018-08-18,WC,J19,18,fi,14,8,11.00,18,18
2018-08-18,WC,J19,18,us,1,9,10.73,18,18
2018-08-18,WC,J19,18,do,17,10,10.56,18,18
2018-08-18,WC,J19,18,nl,13,11,10.50,18,18
2018-08-18,WC,J19,18,de,10,12,10.10,18,18
2018-08-18,WC,J19,18,be,4,13,10.09,18,18
2018-08-18,WC,J19,18,hk,16,14,10.00,18,18
2018-08-18,WC,J19,18,it,7,15,9.91,18,18
2018-08-18,WC,J19,18,se,8,16,9.73,18,18
2018-08-18,WC,J19,18,fr,3,17,9.45,18,18
2018-08-18,WC,J19,18,gb,6,18,9.18,18,18
2019-06-29,EC,MIX,19,ie,8,1,12.30,19,19
2019-06-29,EC,MIX,19,ch,13,2,12.27,19,19
2019-06-29,EC,MIX,19,de,4,3,12.11,19,19
2019-06-29,EC,MIX,19,by,18,4,11.80,19,19
2019-06-29,EC,MIX,19,pl,9,5,11.52,19,19
2019-06-29,EC,MIX,19,si,12,6,11.50,19,19
2019-06-29,EC,MIX,19,at,5,7,11.45,19,19
2019-06-29,EC,MIX,19,be,11,8,11.30,19,19
2019-06-29,EC,MIX,19,fi,14,9,11.27,19,19
2019-06-29,EC,MIX,19,no,19,10,10.89,19,19
2019-06-29,EC,MIX,19,gb,1,11,10.80,19,19
2019-06-29,EC,MIX,19,fr,2,12,10.70,19,19
2019-06-29,EC,MIX,19,hu,15,13,10.64,19,19
2019-06-29,EC,MIX,19,cz,16,14,10.55,19,19
2019-06-29,EC,MIX,19,se,7,15,10.47,19,19
2019-06-29,EC,MIX,19,dk,6,16,10.31,19,19
2019-06-29,EC,MIX,19,ru,3,17,10.11,19,19
2019-06-29,EC,MIX,19,lt,17,18,9.90,19,19
2019-06-29,EC,MIX,19,it,10,19,9.35,19,19
2019-06-29,EC,OPN,20,fi,17,1,11.70,20,20
2019-06-29,EC,OPN,20,nl,15,2,11.55,20,20
2019-06-29,EC,OPN,20,gb,1,3,11.40,20,20
2019-06-29,EC,OPN,20,ua,20,4,11.40,20,20
2019-06-29,EC,OPN,20,fr,14,5,11.27,20,20
2019-06-29,EC,OPN,20,se,12,6,11.18,20,20
2019-06-29,EC,OPN,20,be,13,7,11.09,20,20
2019-06-29,EC,OPN,20,at,6,8,10.93,20,20
2019-06-29,EC,OPN,20,dk,8,9,10.90,20,20
2019-06-29,EC,OPN,20,pl,18,10,10.90,20,20
2019-06-29,EC,OPN,20,lv,10,11,10.82,20,20
2019-06-29,EC,OPN,20,il,16,12,10.82,20,20
2019-06-29,EC,OPN,20,sk,19,13,10.80,20,20
2019-06-29,EC,OPN,20,es,9,14,10.78,20,20
2019-06-29,EC,OPN,20,ch,4,15,10.73,20,20
2019-06-29,EC,OPN,20,cz,7,16,10.73,20,20
2019-06-29,EC,OPN,20,de,2,17,10.70,20,20
2019-06-29,EC,OPN,20,ru,3,18,10.40,20,20
2019-06-29,EC,OPN,20,it,5,19,10.27,20,20
2019-06-29,EC,OPN,20,ie,11,20,10.09,20,20
2019-06-29,EC,WMN,15,se,10,1,12.36,15,15
2019-06-29,EC,WMN,15,at,12,2,11.40,15,15
2019-06-29,EC,WMN,15,nl,14,3,11.36,15,15
2019-06-29,EC,WMN,15,de,5,4,11.22,15,15
2019-06-29,EC,WMN,15,gb,11,5,11.21,15,15
2019-06-29,EC,WMN,15,fr,6,6,11.09,15,15
2019-06-29,EC,WMN,15,ua,15,7,11.00,15,15
2019-06-29,EC,WMN,15,pl,13,8,10.70,15,15
2019-06-29,EC,WMN,15,be,7,9,10.45,15,15
2019-06-29,EC,WMN,15,ru,3,10,10.40,15,15
2019-06-29,EC,WMN,15,cz,9,11,10.30,15,15
2019-06-29,EC,WMN,15,ie,1,12,10.27,15,15
2019-06-29,EC,WMN,15,ch,2,13,10.00,15,15
2019-06-29,EC,WMN,15,it,4,14,9.73,15,15
2019-06-29,EC,WMN,15,fi,8,15,9.64,15,15
2019-07-13,WC,G23,12,nz,10,1,11.30,12,12
2019-07-13,WC,G23,12,au,11,2,11.30,12,12
2019-07-13,WC,G23,12,jp,2,3,11.00,12,12
2019-07-13,WC,G23,12,ch,7,4,11.00,12,12
2019-07-13,WC,G23,12,gb,8,5,10.80,12,12
2019-07-13,WC,G23,12,be,12,6,10.80,12,12
2019-07-13,WC,G23,12,ie,9,7,10.50,12,12
2019-07-13,WC,G23,12,ca,3,8,10.30,12,12
2019-07-13,WC,G23,12,us,1,9,10.00,12,12
2019-07-13,WC,G23,12,it,5,10,10.00,12,12
2019-07-13,WC,G23,12,de,6,11,9.80,12,12
2019-07-13,WC,G23,12,co,4,12,9.70,12,12
2019-07-13,WC,M23,21,za,18,1,12.36,21,21
2019-07-13,WC,M23,21,de,12,2,11.67,21,21
2019-07-13,WC,M23,21,hk,19,3,11.67,21,21
2019-07-13,WC,M23,21,us,1,4,11.60,21,21
2019-07-13,WC,M23,21,it,16,5,11.30,21,21
2019-07-13,WC,M23,21,mx,21,6,11.25,21,21
2019-07-13,WC,M23,21,nl,6,7,11.20,21,21
2019-07-13,WC,M23,21,co,11,8,11.00,21,21
2019-07-13,WC,M23,21,jp,2,9,10.90,21,21
2019-07-13,WC,M23,21,ie,17,10,10.82,21,21
2019-07-13,WC,M23,21,ca,5,11,10.70,21,21
2019-07-13,WC,M23,21,sg,3,12,10.55,21,21
2019-07-13,WC,M23,21,es,15,13,10.40,21,21
2019-07-13,WC,M23,21,cz,9,14,10.33,21,21
2019-07-13,WC,M23,21,fr,14,15,10.33,21,21
2019-07-13,WC,M23,21,se,10,16,10.11,21,21
2019-07-13,WC,M23,21,pl,8,17,10.09,21,21
2019-07-13,WC,M23,21,au,7,18,10.09,21,21
2019-07-13,WC,M23,21,lv,4,19,9.90,21,21
2019-07-13,WC,M23,21,gb,13,20,9.70,21,21
2019-07-13,WC,M23,21,cn,20,21,9.67,21,21
2019-07-13,WC,U23,18,dk,14,1,12.20,18,18
2019-07-13,WC,U23,18,nz,10,2,11.60,18,18
2019-07-13,WC,U23,18,us,1,3,11.09,18,18
2019-07-13,WC,U23,18,au,5,4,10.91,18,18
2019-07-13,WC,U23,18,ch,13,5,10.90,18,18
2019-07-13,WC,U23,18,cn,17,6,10.90,18,18
2019-07-13,WC,U23,18,ie,12,7,10.80,18,18
2019-07-13,WC,U23,18,tw,16,8,10.64,18,18
2019-07-13,WC,U23,18,jp,4,9,10.64,18,18
2019-07-13,WC,U23,18,ru,15,10,10.64,18,18
2019-07-13,WC,U23,18,gb,8,11,10.64,18,18
2019-07-13,WC,U23,18,co,6,12,10.45,18,18
2019-07-13,WC,U23,18,ca,2,13,10.45,18,18
2019-07-13,WC,U23,18,be,7,14,10.36,18,18
2019-07-13,WC,U23,18,at,11,15,10.10,18,18
2019-07-13,WC,U23,18,it,3,16,10.09,18,18
2019-07-13,WC,U23,18,pa,18,17,9.80,18,18
2019-07-13,WC,U23,18,de,9,18,9.80,18,18
2019-07-23,AOC,MIX,10,my,6,1,12.33,10,10
2019-07-23,AOC,MIX,10,ph,1,2,11.57,10,10
2019-07-23,AOC,MIX,10,au,5,3,11.29,10,10
2019-07-23,AOC,MIX,10,nz,7,4,11.14,10,10
2019-07-23,AOC,MIX,10,th,9,5,11.00,10,10
2019-07-23,AOC,MIX,10,tw,7,6,10.33,10,10
2019-07-23,AOC,MIX,10,in,3,7,10.00,10,10
2019-07-23,AOC,MIX,10,kr,10,8,10.00,10,10
2019-07-23,AOC,MIX,10,jp,2,9,9.88,10,10
2019-07-23,AOC,MIX,10,cn,4,10,9.50,10,10
2019-07-23,AOC,OPN,7,au,2,1,10.88,7,7
2019-07-23,AOC,OPN,7,my,5,2,10.67,7,7
2019-07-23,AOC,OPN,7,jp,1,3,10.63,7,7
2019-07-23,AOC,OPN,7,tw,3,4,10.43,7,7
2019-07-23,AOC,OPN,7,hk,6,5,10.17,7,7
2019-07-23,AOC,OPN,7,cn,7,6,9.67,7,7
2019-07-23,AOC,OPN,7,ph,4,7,9.29,7,7
2019-07-23,AOC,WMN,7,my,6,1,10.33,7,7
2019-07-23,AOC,WMN,7,cn,7,2,10.17,7,7
2019-07-23,AOC,WMN,7,au,2,3,10.00,7,7
2019-07-23,AOC,WMN,7,jp,1,4,10.00,7,7
2019-07-23,AOC,WMN,7,tw,4,5,9.57,7,7
2019-07-23,AOC,WMN,7,ph,3,6,9.14,7,7
2019-07-23,AOC,WMN,7,hk,5,7,8.83,7,7
2019-10-17,EC,GMM,4,de,4,1,12.20,4,4
2019-10-17,EC,GMM,4,it,2,2,11.60,4,4
2019-10-17,EC,GMM,4,fr,1,3,11.60,4,4
2019-10-17,EC,GMM,4,es,3,4,11.60,4,4
2019-10-17,EC,MAS,9,cz,8,1,11.67,9,9
2019-10-17,EC,MAS,9,ru,7,2,11.40,9,9
2019-10-17,EC,MAS,9,pl,9,3,11.20,9,9
2019-10-17,EC,MAS,9,de,6,4,11.20,9,9
2019-10-17,EC,MAS,9,fr,2,5,11.00,9,9
2019-10-17,EC,MAS,9,be,4,6,10.86,9,9
2019-10-17,EC,MAS,9,gb,1,7,10.67,9,9
2019-10-17,EC,MAS,9,it,3,8,10.57,9,9
2019-10-17,EC,MAS,9,es,5,9,10.17,9,9
2019-10-17,EC,MMX,8,gb,3,1,12.33,8,8
2019-10-17,EC,MMX,8,es,5,2,11.17,8,8
2019-10-17,EC,MMX,8,pt,6,3,11.17,8,8
2019-10-17,EC,MMX,8,pl,8,4,11.00,8,8
2019-10-17,EC,MMX,8,ua,7,5,10.83,8,8
2019-10-17,EC,MMX,8,fr,2,6,10.50,8,8
2019-10-17,EC,MMX,8,de,4,7,10.33,8,8
2019-10-17,EC,MMX,8,se,1,8,9.17,8,8
2019-10-17,EC,WMS,6,gb,2,1,11.50,6,6
2019-10-17,EC,WMS,6,de,5,2,10.67,6,6
2019-10-17,EC,WMS,6,fi,4,3,10.50,6,6
2019-10-17,EC,WMS,6,es,6,4,10.00,6,6
2019-10-17,EC,WMS,6,fr,1,5,10.00,6,6
2019-10-17,EC,WMS,6,it,3,6,9.83,6,6
2019-12-13,AOC,G19,4,au,2,1,NULL,1,0
2019-12-13,AOC,J19,6,jp,4,1,NULL,1,0
2019-12-13,AOC,MMX,5,jp,4,1,NULL,1,0
2022-08-06,EC,G17,6,gb,4,1,11.25,6,6
2022-08-06,EC,G17,6,be,6,2,10.71,6,6
2022-08-06,EC,G17,6,de,3,3,10.63,6,6
2022-08-06,EC,G17,6,se,5,4,10.43,6,6
2022-08-06,EC,G17,6,it,1,5,9.88,6,6
2022-08-06,EC,G17,6,fr,2,6,8.88,6,6
2022-08-06,WC,G19,10,at,7,1,12.00,10,10
2022-08-06,WC,G19,10,nz,6,2,11.89,10,10
2022-08-06,WC,G19,10,gb,10,3,11.67,10,10
2022-08-06,WC,G19,10,de,8,4,10.89,10,10
2022-08-06,WC,G19,10,us,1,5,10.78,10,10
2022-08-06,WC,G19,10,cz,5,6,10.67,10,10
2022-08-06,WC,G19,10,pl,9,7,10.44,10,10
2022-08-06,WC,G19,10,fr,2,8,10.00,10,10
2022-08-06,WC,G19,10,ca,3,9,9.90,10,10
2022-08-06,WC,G19,10,it,4,10,8.90,10,10
2022-08-06,EC,J17,9,it,1,1,11.22,9,9
2022-08-06,EC,J17,9,fr,2,2,11.11,9,9
2022-08-06,EC,J17,9,gb,5,2,11.11,9,9
2022-08-06,EC,J17,9,de,4,4,10.89,9,9
2022-08-06,EC,J17,9,ch,3,5,10.44,9,9
2022-08-06,EC,J17,9,il,9,6,10.25,9,9
2022-08-06,EC,J17,9,nl,8,7,10.11,9,9
2022-08-06,EC,J17,9,be,7,8,9.89,9,9
2022-08-06,EC,J17,9,se,6,9,8.44,9,9
2022-08-06,WC,J19,12,at,9,1,12.11,12,12
2022-08-06,WC,J19,12,ca,4,2,11.56,12,12
2022-08-06,WC,J19,12,us,1,3,11.44,12,12
2022-08-06,WC,J19,12,be,10,4,11.33,12,12
2022-08-06,WC,J19,12,pl,11,5,10.88,12,12
2022-08-06,WC,J19,12,cz,12,6,10.75,12,12
2022-08-06,WC,J19,12,de,7,7,10.67,12,12
2022-08-06,WC,J19,12,co,5,8,10.33,12,12
2022-08-06,WC,J19,12,nz,6,9,10.22,12,12
2022-08-06,WC,J19,12,it,3,10,10.20,12,12
2022-08-06,WC,J19,12,fr,2,11,9.80,12,12
2022-08-06,WC,J19,12,gb,8,12,9.00,12,12
2022-08-06,EC,M17,5,at,5,1,12.00,5,5
2022-08-06,EC,M17,5,pl,4,2,10.44,5,5
2022-08-06,EC,M17,5,be,3,3,9.89,5,5
2022-08-06,EC,M17,5,it,2,4,9.78,5,5
2022-08-06,EC,M17,5,hu,1,5,9.00,5,5
2022-08-06,WC,M19,7,sk,5,1,11.00,7,7
2022-08-06,WC,M19,7,il,7,2,10.89,7,7
2022-08-06,WC,M19,7,ch,2,2,10.89,7,7
2022-08-06,WC,M19,7,nl,6,4,9.67,7,7
2022-08-06,WC,M19,7,co,4,5,9.30,7,7
2022-08-06,WC,M19,7,se,3,6,9.00,7,7
2022-08-06,WC,M19,7,hu,1,7,8.78,7,7
2023-07-02,WC,G23,14,nz,12,1,11.78,14,14
2023-07-02,WC,G23,14,ca,4,2,10.67,14,14
2023-07-02,WC,G23,14,at,11,3,10.56,14,14
2023-07-02,WC,G23,14,gb,6,3,10.56,14,14
2023-07-02,WC,G23,14,ie,13,3,10.56,14,14
2023-07-02,WC,G23,14,de,3,3,10.56,14,14
2023-07-02,WC,G23,14,au,5,7,10.33,14,14
2023-07-02,WC,G23,14,co,8,8,10.22,14,14
2023-07-02,WC,G23,14,us,1,9,10.11,14,14
2023-07-02,WC,G23,14,sg,10,10,10.00,14,14
2023-07-02,WC,G23,14,it,7,11,9.78,14,14
2023-07-02,WC,G23,14,jp,2,12,9.56,14,14
2023-07-02,WC,G23,14,ph,9,13,9.44,14,14
2023-07-02,WC,G23,14,cn,14,14,9.00,14,14
2023-07-02,WC,M23,16,us,1,1,11.11,16,16
2023-07-02,WC,M23,16,za,14,2,11.00,16,16
2023-07-02,WC,M23,16,de,10,2,11.00,16,16
2023-07-02,WC,M23,16,cn,13,4,10.67,16,16
2023-07-02,WC,M23,16,jp,3,5,10.50,16,16
2023-07-02,WC,M23,16,fi,15,6,10.40,16,16
2023-07-02,WC,M23,16,nz,7,7,10.30,16,16
2023-07-02,WC,M23,16,hk,12,8,10.22,16,16
2023-07-02,WC,M23,16,ch,5,9,10.20,16,16
2023-07-02,WC,M23,16,co,16,10,10.11,16,16
2023-07-02,WC,M23,16,se,9,11,9.90,16,16
2023-07-02,WC,M23,16,tw,8,12,9.80,16,16
2023-07-02,WC,M23,16,sg,2,13,9.78,16,16
2023-07-02,WC,M23,16,ca,4,14,9.67,16,16
2023-07-02,WC,M23,16,au,11,15,9.60,16,16
2023-07-02,WC,M23,16,gb,6,16,9.44,16,16
2023-07-02,WC,U23,15,jp,5,1,11.40,15,15
2023-07-02,WC,U23,15,at,12,1,11.40,15,15
2023-07-02,WC,U23,15,sg,11,3,11.20,15,15
2023-07-02,WC,U23,15,ie,14,4,11.00,15,15
2023-07-02,WC,U23,15,nz,10,4,11.00,15,15
2023-07-02,WC,U23,15,ca,6,6,10.50,15,15
2023-07-02,WC,U23,15,co,9,7,10.40,15,15
2023-07-02,WC,U23,15,us,1,8,10.33,15,15
2023-07-02,WC,U23,15,it,4,9,10.22,15,15
2023-07-02,WC,U23,15,nl,13,10,10.00,15,15
2023-07-02,WC,U23,15,de,3,10,10.00,15,15
2023-07-02,WC,U23,15,cn,15,12,9.90,15,15
2023-07-02,WC,U23,15,be,2,13,9.80,15,15
2023-07-02,WC,U23,15,gb,7,14,9.67,15,15
2023-07-02,WC,U23,15,au,8,15,9.60,15,15
2023-07-15,EC,MIX,17,ch,12,1,12.27,17,16
2023-07-15,EC,MIX,17,de,5,2,12.00,17,16
2023-07-15,EC,MIX,17,dk,16,3,11.60,17,16
2023-07-15,EC,MIX,17,no,17,3,11.60,17,16
2023-07-15,EC,MIX,17,fi,11,6,11.20,17,16
2023-07-15,EC,MIX,17,be,14,6,11.20,17,16
2023-07-15,EC,MIX,17,at,10,8,11.10,17,16
2023-07-15,EC,MIX,17,ie,3,8,11.10,17,16
2023-07-15,EC,MIX,17,gb,4,8,11.10,17,16
2023-07-15,EC,MIX,17,lv,6,11,NULL,17,16
2023-07-15,EC,MIX,17,fr,1,11,11.00,17,16
2023-07-15,EC,MIX,17,cz,13,11,11.00,17,16
2023-07-15,EC,MIX,17,sk,9,13,10.70,17,16
2023-07-15,EC,MIX,17,pl,7,14,10.60,17,16
2023-07-15,EC,MIX,17,lt,8,15,10.20,17,16
2023-07-15,EC,MIX,17,it,2,16,10.10,17,16
2023-07-15,EC,MIX,17,hu,15,17,8.70,17,16
2023-07-15,EC,OPN,15,cz,6,1,12.09,15,15
2023-07-15,EC,OPN,15,nl,13,2,11.91,15,15
2023-07-15,EC,OPN,15,si,15,3,11.50,15,15
2023-07-15,EC,OPN,15,dk,12,4,11.10,15,15
2023-07-15,EC,OPN,15,it,4,5,11.00,15,15
2023-07-15,EC,OPN,15,ie,14,6,10.75,15,15
2023-07-15,EC,OPN,15,fr,5,7,10.60,15,15
2023-07-15,EC,OPN,15,es,7,8,10.55,15,15
2023-07-15,EC,OPN,15,de,3,9,10.40,15,15
2023-07-15,EC,OPN,15,se,11,10,10.27,15,15
2023-07-15,EC,OPN,15,be,1,11,10.22,15,15
2023-07-15,EC,OPN,15,gb,2,12,10.00,15,15
2023-07-15,EC,OPN,15,ch,8,12,10.00,15,15
2023-07-15,EC,OPN,15,at,10,12,10.00,15,15
2023-07-15,EC,OPN,15,il,9,15,9.80,15,15
2023-07-15,EC,WMN,13,cz,3,1,11.20,13,13
2023-07-15,EC,WMN,13,pl,13,2,11.00,13,13
2023-07-15,EC,WMN,13,de,1,3,10.90,13,13
2023-07-15,EC,WMN,13,at,10,4,10.75,13,13
2023-07-15,EC,WMN,13,ie,11,5,10.70,13,13
2023-07-15,EC,WMN,13,nl,5,6,10.67,13,13
2023-07-15,EC,WMN,13,es,12,7,10.64,13,13
2023-07-15,EC,WMN,13,be,7,8,10.60,13,13
2023-07-15,EC,WMN,13,se,9,8,10.60,13,13
2023-07-15,EC,WMN,13,fr,6,10,10.40,13,13
2023-07-15,EC,WMN,13,ch,8,11,10.36,13,13
2023-07-15,EC,WMN,13,it,4,12,9.80,13,13
2023-07-15,EC,WMN,13,gb,2,13,9.70,13,13
2023-08-05,EC,G19,7,at,4,1,11.44,7,7
2023-08-05,EC,G19,7,de,6,2,10.88,7,7
2023-08-05,EC,G19,7,cz,3,3,10.78,7,7
2023-08-05,EC,G19,7,gb,7,4,10.44,7,7
2023-08-05,EC,G19,7,fr,1,5,10.25,7,7
2023-08-05,EC,G19,7,it,2,6,9.63,7,7
2023-08-05,EC,G19,7,se,5,7,9.22,7,7
2023-08-05,EC,J19,12,at,8,1,11.90,12,12
2023-08-05,EC,J19,12,de,3,2,11.40,12,12
2023-08-05,EC,J19,12,ch,6,3,11.10,12,12
2023-08-05,EC,J19,12,nl,9,4,11.00,12,12
2023-08-05,EC,J19,12,gb,4,5,10.90,12,12
2023-08-05,EC,J19,12,cz,7,6,10.55,12,12
2023-08-05,EC,J19,12,it,1,7,10.30,12,12
2023-08-05,EC,J19,12,ie,11,8,10.00,12,12
2023-08-05,EC,J19,12,fr,2,8,10.00,12,12
2023-08-05,EC,J19,12,be,5,10,9.73,12,12
2023-08-05,EC,J19,12,se,10,11,9.70,12,12
2023-08-05,EC,J19,12,il,12,12,9.11,12,12
2023-08-05,EC,M19,7,ie,7,1,11.63,7,7
2023-08-05,EC,M19,7,ch,1,2,11.25,7,7
2023-08-05,EC,M19,7,be,6,3,11.11,7,7
2023-08-05,EC,M19,7,pl,5,4,11.00,7,7
2023-08-05,EC,M19,7,fr,3,5,9.75,7,7
2023-08-05,EC,M19,7,it,4,6,9.67,7,7
2023-08-05,EC,M19,7,hu,2,7,8.78,7,7